FamilyID;Family;SpeciesID;LatinName;Family;a_FB;b_FB;a_N;b_N;a_S;B_S;a_C;b_C;EnglishName
ACAAA00;ACANTHURIDAE;ACAAC34;Acanthurus gahhm;ACANTHURIDAE;0,0275;2,96;0;0;0;0;0;0;ND
ACAAA00;ACANTHURIDAE;ACAAC34;Acanthurus gahhm;ACANTHURIDAE;0,0275;2,96;0;0;0;0;0;0;Whitecheek surgeonfish
ACAAA00;ACANTHURIDAE;ACAAC16;Acanthurus nigrofuscus;ACANTHURIDAE;0,0275;2,96;0;0;0;0;0;0;Epaulette surgeonfish
ACAAA00;ACANTHURIDAE;ACAAC33;Acanthurus sohal;ACANTHURIDAE;0,0275;2,96;0;0;0;0;0;0;ND
ACAAA00;ACANTHURIDAE;ACANA05;Naso hexacanthus;ACANTHURIDAE;0,0275;2,96;0;0;0;0;0;0;Sleek unicornfish
ACAAA00;ACANTHURIDAE;ACANA15;Naso elegans;ACANTHURIDAE;0,0275;2,96;0;0;0;0;0;0;Orangespine unicornfish
ACAAA00;ACANTHURIDAE;ACANA01;Naso unicornis;ACANTHURIDAE;0,0275;2,96;0;0;0;0;0;0;ND
ALBAA00;ALBULIDAE;ALBAL04;Albula glossodonta;ALBULIDAE;0,0195;2,93;0;0;0;0;0;0;ND
ALBAA00;ALBULIDAE;ALBAL04;Albula glossodonta;ALBULIDAE;0,0195;2,93;0;0;0;0;0;0;Bonefish
ARDAA00;ARIIDAE;ARDCL01;Carlarius heudelotii;ARIIDAE;0,0339;2,76;0;0;0;0;0;0;Smoothmouth sea catfish
ARDAA00;ARIIDAE;ARDAR03;Arius thalassinus;ARIIDAE;0,0339;2,76;0;0;0;0;0;0;Giant catfish
ARDAA00;ARIIDAE;ARDNE01;Netuma thalassina;ARIIDAE;0;0;0;0;0;0;0;0;ND
BALAA00;BALISTIDAE;BALBT01;Balistapus undulatus;BALISTIDAE;0,0282;2,94;0;0;0;0;0;0;Vermiculated triggerfish
BALAA00;BALISTIDAE;BALBS01;Balistoides viridescens;BALISTIDAE;0,0282;2,94;0;0;0;0;0;0;Blackedged triggerfish
BALAA00;BALISTIDAE;BALOD01;Odonus niger;BALISTIDAE;0,0282;2,94;0;0;0;0;0;0;ND
BALAA00;BALISTIDAE;BALPS02;Pseudobalistes flavimarginatus;BALISTIDAE;0,0282;2,94;0;0;0;0;0;0;Yellowmargin triggerfish
BELAA00;BELONIDAE;BELTY07;Tylosurus acus rafale;BELONIDAE;0,0009;3,05;0;0;0;0;0;0;ND
BELAA00;BELONIDAE;BELTY08;Tylosurus choram;BELONIDAE;0,0009;3,05;0;0;0;0;0;0;ND
BELAA00;BELONIDAE;BELTY01;Tylosurus crocodilus crocodil.;BELONIDAE;0,0009;3,05;0;0;0;0;0;0;Hound needlefish
BELAA00;BELONIDAE;BELTY03;Tylosurus crocodilus fodiator;BELONIDAE;0,0009;3,05;0;0;0;0;0;0;Hound needlefish
BOTAA00;BOTHIDAE;BOTBO04;Bothus pantherinus;BOTHIDAE;0,01;3,09;0;0;0;0;0;0;Leopard flounder
CAEAA00;CAESIONIDAE;CAECA01;Caesio caerulaurea;CAESIONIDAE;0,0186;3,02;0;0;0;0;0;0;Blue-and-gold fusilier
CAEAA00;CAESIONIDAE;CAECA07;Caesio suevica;CAESIONIDAE;0,0186;3,02;0;0;0;0;0;0;Suez fusilier
0;CAESIONIDAE;CAECA07;Caesio suevica;CAESIONIDAE;0;0;0;0;0;0;0;0;0
CARAA00;CARANGIDAE;CARAL02;Alectis indicus;CARANGIDAE;0,049;2,72;0;0;0;0;0;0;Indian threadfish
CARAA00;CARANGIDAE;CARAP02;Alepes vari;CARANGIDAE;0,0229;2,81;0;0;0;0;0;0;Herring scad
CARAA00;CARANGIDAE;CARCS06;Carangoides armatus;CARANGIDAE;0,0372;2,81;0;0;0;0;0;0;Longfin trevally
CARAA00;CARANGIDAE;CARCS13;Carangoides bajad;CARANGIDAE;0,0372;2,81;0;0;0;0;0;0;Orangespotted trevally
CARAA00;CARANGIDAE;CARCS02;Carangoides ferdau;CARANGIDAE;0,0372;2,81;0;0;0;0;0;0;Blue trevally
CARAA00;CARANGIDAE;CARCS04;Carangoides fulvoguttatus;CARANGIDAE;0,0372;2,81;0;0;0;0;0;0;Yellowspotted trevally
CARAA00;CARANGIDAE;CARCS00;Carangoides sp.;CARANGIDAE;0,0372;2,81;0;0;0;0;0;0;Trevally
CARAA00;CARANGIDAE;CARCA05;Caranx melampygus;CARANGIDAE;0,0224;2,95;0;0;0;0;0;0;Bluefin trevally
CARAA00;CARANGIDAE;CARCA04;Caranx sexfasciatus;CARANGIDAE;0,0224;2,95;0;0;0;0;0;0;Bigeye trevally
CARAA00;CARANGIDAE;CARGN01;Gnathonodon speciosus;CARANGIDAE;0,0224;2,95;0;0;0;0;0;0;Golden trevally
CARAA00;CARANGIDAE;CARCA06;Caranx ignobilis;CARANGIDAE;0,0224;2,95;0;0;0;0;0;0;Giant trevally
CARAA00;CARANGIDAE;CARCA00;Caranx sp.;CARANGIDAE;0,0224;2,95;0;0;0;0;0;0;Trevally, jack, scad
CARAA00;CARANGIDAE;CARCA10;Caranx tille ;CARANGIDAE;0,0224;2,95;0;0;0;0;0;0;ND
CARAA00;CARANGIDAE;CARSC04;Scomberoides lysan;CARANGIDAE;0,017;2,82;0;0;0;0;0;0;ND
CARAA00;CARANGIDAE;CARDE04;Decapterus macarellus;CARANGIDAE;0,0085;3,08;0;0;0;0;0;0;Mackerel scad
CARAA00;CARANGIDAE;CARDE08;Decapterus russelli;CARANGIDAE;0,0085;3,08;0;0;0;0;0;0;Indian scad
CARAA00;CARANGIDAE;CAREL01;Elagatis bipinnulata;CARANGIDAE;0,0155;2,93;0;0;0;0;0;0;Rainbow runner
CARAA00;CARANGIDAE;CARSC02;Scomberoides commersonnianus;CARANGIDAE;0,017;2,82;0;0;0;0;0;0;ND
CARAA00;CARANGIDAE;CARSC04;Scomberoides lysan;CARANGIDAE;0,017;2,82;0;0;0;0;0;0;Doublespotted queenfish
CARAA00;CARANGIDAE;CARSC01;Scomberoides tol;CARANGIDAE;0,017;2,82;0;0;0;0;0;0;Needlescaled queenfish
CARAA00;CARANGIDAE;CARTC07;Trachinotus blochii;CARANGIDAE;0,0155;2,93;0;0;0;0;0;0;ND
SHAAA00;Carcharhinidae;SHACA14;Carcharhinus albimarginatus;Carcharhinidae;0,0015;3,35;0;0;0;0;0;0;Silvertip shark
SHAAA00;Carcharhinidae;SHACA24;Carcharhinus melanopterus;Carcharhinidae;0,0015;3,35;0;0;0;0;0;0;Blacktip reef shark
SHAAA00;Carcharhinidae;SHACA2A;Carcharhinus wheeleri;Carcharhinidae;0,0015;3,35;0;0;0;0;0;0;ND
SHAAA00;Carcharhinidae;SHACAB1;Triaenodon obesus;Carcharhinidae;0,0015;3,35;0;0;0;0;0;0;Whitetip reef shark
CHAAA00;CHAETODONTIDAE;CHACH04;Chaetodon auriga;CHAETODONTIDAE;0,0288;3,01;0;0;0;0;0;0;ND
CHAAA00;CHAETODONTIDAE;CHACH52;Chaetodon semilarvatus;CHAETODONTIDAE;0,0288;3,01;0;0;0;0;0;0;ND
CHNAA00;CHANIDAE;CHNCH01;Chanos chanos;CHANIDAE;0,0129;3,01;0;0;0;0;0;0;Milkfish
CHRAA00;CHIROCENTRIDAE;CHRCH01;Chirocentrus dorab;CHIROCENTRIDAE;0,012;2,76;0;0;0;0;0;0;Dorab wolf herring
CLUAA00;CLUPEIDAE;CLUAM03;Amblygaster leiogaster ;CLUPEIDAE;0;0;0;0;0;0;0;0;ND
CLUAA00;CLUPEIDAE;CLUAM01;Amblygaster sirm ;CLUPEIDAE;0;0;0;0;0;0;0;0;ND
DIOAA00;DIODONTIDAE;DIODI01;Diodon hystrix;DIODONTIDAE;0,1175;2,67;0;0;0;0;0;0;Porcupine fish
ECNAA00;ECHENEIDIDAE;ECNEC01;Echeneis naucrates;ECHENEIDIDAE;0,0009;3,32;0;0;0;0;0;0;Live sharksucker
ELOAA00;ELOPIDAE;ELOEL02;Elops machnata ;ELOPIDAE;0;0;0;0;0;0;0;0;ND
EPHAA00;EPHIPPIDAE;EPHPL04;Platax boersi;EPHIPPIDAE;0,0407;2,85;0;0;0;0;0;0;Golden Spadefish
EPHAA00;EPHIPPIDAE;EPHPL03;Platax orbicularis;EPHIPPIDAE;0,0407;2,85;0;0;0;0;0;0;Orbicular batfish
FISAA00;FISTULARIIDAE;FISJU09;FISTULARIIDAE;FISTULARIIDAE;0;0;0;0;0;0;0;0;Juvenile Fishes
GERAA00;GERREIDAE;GERGE02;Gerres oyena;GERREIDAE;0,0107;3,28;0;0;0;0;0;0;Common silver-biddy
HAEAA00;HAEMULIDAE;HAEDP01;Diagramma pictum;HAEMULIDAE;0,0098;3,07;0;0;0;0;0;0;Painted sweetlips
HAEAA00;HAEMULIDAE;PLRPL02;Plectrohinchus pictus;HAEMULIDAE;0,0178;2,98;0;0;0;0;0;0;ND
HAEAA00;HAEMULIDAE;HAEPL01;Plectorhinchus gaterinus;HAEMULIDAE;0,0178;2,98;0;0;0;0;0;0;blackspotted sweetlips
PLRAA00;HAEMULIDAE;PLRPL02;Plectrohinchus pictus;HAEMULIDAE;0,0204;2,98;0;0;0;0;0;0;Painted grunt
PLRAA00;HAEMULIDAE;PLRPL01;Pletrohinchus schotaf;HAEMULIDAE;0,0204;2,98;0;0;0;0;0;0;Minstrel
PLRAA00;HAEMULIDAE;HAEPO30;Pomadasys argenteus;HAEMULIDAE;0,0178;2,98;0;0;0;0;0;0;ND
HEMAA00;HEMIRAMPHIDAE;HEMHE01;Hemirhamphus far;HEMIRAMPHIDAE;0,0018;3,29;0;0;0;0;0;0;Black-barred halfbeak
HOLAA00;HOLOCENTRIDAE;HOLSA02;Sargocentron rubrum;HOLOCENTRIDAE;0,0209;3,01;0;0;0;0;0;0;Red squirrelfish
HOLAA00;HOLOCENTRIDAE;HOLSA03;Sargocentron spiniferum;HOLOCENTRIDAE;0,0209;3,01;0;0;0;0;0;0;ND
HOLAA00;HOLOCENTRIDAE;HOLMY02;Myripristis murdjan;HOLOCENTRIDAE;0,0229;3,09;0;0;0;0;0;0;Pinecone soldierfish
HOLAA00;HOLOCENTRIDAE;HOLSA05;Sargocentron caudimaculatum;HOLOCENTRIDAE;0,0209;3,01;0;0;0;0;0;0;ND
HOLAA00;HOLOCENTRIDAE;HOLSA03;Sargocentron spiniferum;HOLOCENTRIDAE;0,0209;3,01;0;0;0;0;0;0;ND
KYPAA00;KYPHOSIDAE;KYPKY02;Kyphosus cinerascens;KYPHOSIDAE;0,0186;3,01;0;0;0;0;0;0;ND
KYPAA00;KYPHOSIDAE;KYPKY03;Kyphosus vaigiensis;KYPHOSIDAE;0,0186;3,01;0;0;0;0;0;0;Brassy chub
LABAA00;LABRIDAE;LABCH07;Cheilinus fasciatus;LABRIDAE;0,049;2,45;0;0;0;0;0;0;ND
LABAA00;LABRIDAE;LABCH10;Cheilinus lunulatus;LABRIDAE;0,049;2,45;0;0;0;0;0;0;Broomtail wrasse 
LABAA00;LABRIDAE;LABCH09;Cheilinus quinquecintus;LABRIDAE;0,049;2,45;0;0;0;0;0;0;ND
LABAA00;LABRIDAE;LABCH03;Cheilinus undulatus;LABRIDAE;0,049;2,45;0;0;0;0;0;0;ND
LETAA00;LETHRINIDAE;LETGY02;Gymnocranius grandoculis;LETHRINIDAE;0,0219;2,96;0;0;0;0;0;0;Blue-lined large-eye bream
LETAA00;LETHRINIDAE;LETLE11;Lethrinus microdon ;LETHRINIDAE;0,0219;2,96;0;0;0;0;0;0;ND
LETAA00;LETHRINIDAE;LETGY02;Gymnocranius grandoculis;LETHRINIDAE;0,0219;2,96;0;0;0;0;0;0;Ripples barenose
LETAA00;LETHRINIDAE;LETAA00;LETHRINIDAE;LETHRINIDAE;0,0219;2,96;0;0;0;0;0;0;EMPERORS, SCAVENGERS
LETAA00;LETHRINIDAE;LETLE31;Lethrinus borbonicus ;LETHRINIDAE;0,0219;2,96;0;0;0;0;0;0;ND
LETAA00;LETHRINIDAE;LETLE05;Lethrinus elongatus ;LETHRINIDAE;0,0219;2,96;0;0;0;0;0;0;>> LETLE11
LETAA00;LETHRINIDAE;LETLE15;Lethrinus harak;LETHRINIDAE;0,0219;2,96;0;0;0;0;0;0;Thumbprint emperor
LETAA00;LETHRINIDAE;LETLE02;Lethrinus lentjan;LETHRINIDAE;0,0219;2,96;0;0;0;0;0;0;Pink ear emperor, redspot emp.
LETAA00;LETHRINIDAE;LETLE13;Lethrinus mahsena;LETHRINIDAE;0,0219;2,96;0;0;0;0;0;0;Sky emperor, Mahsena emperor
LETAA00;LETHRINIDAE;LETLE02;Lethrinus lentjan;LETHRINIDAE;0,0219;2,96;0;0;0;0;0;0;>> LETLE02
LETAA00;LETHRINIDAE;LETLE11;Lethrinus microdon ;LETHRINIDAE;0,0219;2,96;0;0;0;0;0;0;ND
LETAA00;LETHRINIDAE;LETLE21;Lethrinus nebulosus;LETHRINIDAE;0,0219;2,96;0;0;0;0;0;0;Spangled emperor
LETAA00;LETHRINIDAE;LETLE27;Lethrinus obsoletus ;LETHRINIDAE;0,0219;2,96;0;0;0;0;0;0;ND
LETAA00;LETHRINIDAE;LETLE27;Lethrinus obsoletus ;LETHRINIDAE;0,0219;2,96;0;0;0;0;0;0;ND
LETAA00;LETHRINIDAE;LETLE29;Lethrinus xanthochilus;LETHRINIDAE;0,0219;2,96;0;0;0;0;0;0;Yellowlip emperor
LETAA01;LETHRINIDAE;LETLE04;Lethrinus variegatus;LETHRINIDAE;0,0219;2,96;0;0;0;0;0;0;ND
LETAA02;LETHRINIDAE;LETLE12;Lethrinus conchyliatus;LETHRINIDAE;0,0219;2,96;0;0;0;0;0;0;ND
LETAA00;LETHRINIDAE;LETMO01;Monotaxis grandoculis;LETHRINIDAE;0,0219;2,96;0;0;0;0;0;0;Humpnose big-eye bream
LUTAA00;LUTJANIDAE;LUTAF01;Aphareus rutilans ;LUTJANIDAE;0,0195;2,94;0;0;0;0;0;0;ND
LUTAA00;LUTJANIDAE;LUTLU09;Lutjanus argentimaculatus;LUTJANIDAE;0,0182;2,98;0;0;0;0;0;0;Mangrove red snapper
LUTAA00;LUTJANIDAE;LUTLU06;Lutjanus bohar;LUTJANIDAE;0,0182;2,98;0,0118;3,0693;0,0106;3,0987;0,0112;3,084;Two-spot red snapper
LUTAA00;LUTJANIDAE;LUTLU04;Lutjanus gibbus;LUTJANIDAE;0,0182;2,98;0;0;0;0;0;0;ND
LUTAA00;LUTJANIDAE;LUTLU04;Lutjanus gibbus;LUTJANIDAE;0,0182;2,98;0;0;0;0;0;0;ND
LUTAA00;LUTJANIDAE;LUTLU50;Lutjanus ehrenbergii;LUTJANIDAE;0,0182;2,98;0;0;0;0;0;0;Blackspot snapper
LUTAA00;LUTJANIDAE;LUTLU16;Lutjanus fulviflamma;LUTJANIDAE;0,0182;2,98;0;0;0;0;0;0;Blackspot snapper
LUTAA00;LUTJANIDAE;LUTLU04;Lutjanus gibbus;LUTJANIDAE;0,0182;2,98;0;0;0;0;0;0;Humpback red snapper
LUTAA00;LUTJANIDAE;LUTLU18;Lutjanus kasmira;LUTJANIDAE;0,0182;2,98;0;0;0;0;0;0;Common bluestripe snapper
LUTAA00;LUTJANIDAE;LUTLU15;Lutjanus malabaricus;LUTJANIDAE;0,0182;2,98;0;0;0;0;0;0;Malabar blood snapper
LUTAA00;LUTJANIDAE;LUTLU57;Lutjanus monostigma;LUTJANIDAE;0,0182;2,98;0;0;0;0;0;0;Onespot snapper
LUTAA00;LUTJANIDAE;LUTLU11;Lutjanus rivulatus;LUTJANIDAE;0,0182;2,98;0;0;0;0;0;0;Blubberlip snapper
LUTAA00;LUTJANIDAE;LUTLU05;Lutjanus sebae;LUTJANIDAE;0,0182;2,98;0;0;0;0;0;0;Emperor red snapper
LUTAA00;LUTJANIDAE;LUTLU00;Lutjanus sp.;LUTJANIDAE;0,0182;2,98;0;0;0;0;0;0;Snapper
LUTAA00;LUTJANIDAE;LUTMA01;Macolor niger;LUTJANIDAE;0,0195;2,94;0;0;0;0;0;0;Black-and-white snapper
LUTAA00;LUTJANIDAE;LUTPA02;Paracaesio sordius;LUTJANIDAE;0,0195;2,94;0;0;0;0;0;0;Blue snapper
LUTAA00;LUTJANIDAE;LUTPR04;Pristipomoides multidens;LUTJANIDAE;0,0209;2,88;0;0;0;0;0;0;Goldband jobfish
LUTAA00;LUTJANIDAE;LUTPR01;Pristipomoides typus ;LUTJANIDAE;0,0209;2,88;0;0;0;0;0;0;ND
MUGAA00;MUGILIDAE;MUGAG01;Agnostomas telfeirii;MUGILIDAE;0,0132;2,97;0;0;0;0;0;0;ND
MUGAA00;MUGILIDAE;MUGCR01;Crenimugil crenilabis;MUGILIDAE;0,0132;2,97;0;0;0;0;0;0;Fringelip mullet
MUGAA00;MUGILIDAE;MUGMU09;Mugil bananensis;MUGILIDAE;0,0132;2,97;0;0;0;0;0;0;Banana mullet
MUGAA00;MUGILIDAE;MUGOE01;Oedalechilus labiosus;MUGILIDAE;0,0132;2,97;0;0;0;0;0;0;ND
MUGAA00;MUGILIDAE;MUGVA03;Valamugil engeli;MUGILIDAE;0,0132;2,97;0;0;0;0;0;0;ND
MUGAA00;MUGILIDAE;MUGVA02;Moolgarda seheli;MUGILIDAE;0,0132;2,97;0;0;0;0;0;0;Bluespot mullet
MULAA00;MULLIDAE;MULMO02;Mulloidichtys flavolineatus;MULLIDAE;0,0132;2,97;0;0;0;0;0;0;Yellowstripe goatfish
MULAA00;MULLIDAE;MULMO03;Mulloidichtys vanicolensis;MULLIDAE;0,0132;2,97;0;0;0;0;0;0;Yellowfin goatfish
MURAA00;MURAENIDAE;MURGY07;Gymnothorax flavimarginatus;MURAENIDAE;0,0014;3,05;0;0;0;0;0;0;Yellow-edged moray
MURAA00;MURAENIDAE;MURGY23;Gymnothorax herrei;MURAENIDAE;0,0014;3,05;0;0;0;0;0;0;ND
MURAA00;MURAENIDAE;MURGY13;Gymnothorax javanicus;MURAENIDAE;0,0014;3,05;0;0;0;0;0;0;Giant moray
NOCATCH;NO CATCH;NOCATCH;NO CATCH;NO CATCH;0;0;0;0;0;0;0;0;0
PLAAA00;PLATYCEPHALIDAE;PLACO01;Cociella crocodilus;PLATYCEPHALIDAE;0,0076;2,97;0;0;0;0;0;0;Crocodile flathead
PMOAA00;POMACANTHIDAE;PMOAB01;Abudefduf sordidus;POMACANTHIDAE;0,0282;2,98;0;0;0;0;0;0;ND
PODAA00;POMADASYIDAE (HAEMULIDAE);PODPL07;Plectorhinchus pictus;POMADASYIDAE (HAEMULIDAE);0,0204;2,98;0;0;0;0;0;0;Trout sweetlips
PRIAA00;PRIACANTHIDAE;PRIPR03;Priacanthus hamrur;PRIACANTHIDAE;0,0309;2,79;0;0;0;0;0;0;Moontail bullseye
RAYAA00;R A Y S;RAYDA61;Taeniura lymma;R A Y S;0;0;0;0;0;0;0;0;Bluespotted ribbontail ray
0;Rachycentridae;RACRA01;Rachycentron canadum;Rachycentridae;0;0;0;0;0;0;0;0;ND
SCAAA00;SCARIDAE;SCABO01;Bolbometopon muricatum;SCARIDAE;0,0182;3,06;0;0;0;0;0;0;ND
SCAAA00;SCARIDAE;SCAHI02;Hipposcarus harid;SCARIDAE;0,0182;3,06;0;0;0;0;0;0;ND
SCAAA00;SCARIDAE;SCASC62;Scarus ferrugineus;SCARIDAE;0,0182;3,06;0;0;0;0;0;0;ND
SCAAA00;SCARIDAE;SCASC12;Scarus frenatus;SCARIDAE;0,0182;3,06;0;0;0;0;0;0;Bridled parrotfish
SCAAA00;SCARIDAE;SCASC01;Scarus ghobban;SCARIDAE;0,0182;3,06;0;0;0;0;0;0;Yellowscale parrotfish
SCMAA00;SCOMBRIDAE;SCMAU01;Auxis thazard;SCOMBRIDAE;0,0091;3,06;0;0;0;0;0;0;Frigate tuna
SCMAA00;SCOMBRIDAE;SCMEU02;Euthynnus affinis;SCOMBRIDAE;0,0091;3,06;0;0;0;0;0;0;Kawakawa
SCMAA00;SCOMBRIDAE;SCMGR02;Grammatorcynus bilineatus;SCOMBRIDAE;0,0091;3,06;0;0;0;0;0;0;Shark mackerel
SCMAA00;SCOMBRIDAE;SCMGR02;Grammatorcynus bilineatus;SCOMBRIDAE;0,0091;3,06;0;0;0;0;0;0;Doublr-lined mackerel
SCMAA00;SCOMBRIDAE;SCMGY01;Gymnosarda unicolor;SCOMBRIDAE;0,0091;3,06;0;0;0;0;0;0;Dogtooth tuna
SCMAA00;SCOMBRIDAE;SCMKA01;Katsuwonus pelamis;SCOMBRIDAE;0,0091;3,06;0;0;0;0;0;0;Skipjack tuna
SCMAA00;SCOMBRIDAE;SCMRA01;Rastrelliger kanagurta;SCOMBRIDAE;0,0091;3,06;0;0;0;0;0;0;Indian mackerel
SCMAA00;SCOMBRIDAE;SCMSA02;Sarda orientalis;SCOMBRIDAE;0,0091;3,06;0;0;0;0;0;0;Striped bonito
SCMAA00;SCOMBRIDAE;SCMSC03;Scomber australasicus;SCOMBRIDAE;0,0091;3,06;0;0;0;0;0;0;Chub mackerel
SCMAA00;SCOMBRIDAE;SCMSM03;Scomberomorus commerson;SCOMBRIDAE;0,0091;3,06;0;0;0;0;0;0;Narrow-barred Spanish mackerel
SCMAA00;SCOMBRIDAE;SCMSM03;Scomberomorus commerson;SCOMBRIDAE;0,0091;3,06;0;0;0;0;0;0;Streaked seerfish
SCMAA00;SCOMBRIDAE;SCMSM03;Scomberomorus commerson;SCOMBRIDAE;0,0091;3,06;0;0;0;0;0;0;West African Spanish mackerel
SCMAA00;SCOMBRIDAE;SCMTH02;Thunnus albacares;SCOMBRIDAE;0,0091;3,06;0;0;0;0;0;0;Yellowfin tuna
SCMAA00;SCOMBRIDAE;SCMTH05;Thunnus tonggol ;SCOMBRIDAE;0,0091;3,06;0;0;0;0;0;0;ND
SERAA00;SERRANIDAE;SERAE01;Cephaplpholis rogaa;SERRANIDAE;0,0112;3,18;0;0;0;0;0;0;Redmouth grouper
SERAA00;SERRANIDAE;SERCE07;Cephalopholis argus;SERRANIDAE;0,0112;3,18;0;0;0;0;0;0;Peacock grouper
SERAA00;SERRANIDAE;SERCE09;Cephalopholis miniatus;SERRANIDAE;0,0112;3,18;0;0;0;0;0;0;ND
SERAA00;SERRANIDAE;SERCE04;Cephalopholis oligosticta;SERRANIDAE;0,0112;3,18;0;0;0;0;0;0;Vermilloin hind
SERAA00;SERRANIDAE;SERCE12;Cephalopholus sexmaculata;SERRANIDAE;0,0112;3,18;0;0;0;0;0;0;Sixblotched hind
SERAA00;SERRANIDAE;SERCE18;Cephalopholus hemistiktos;SERRANIDAE;0,0112;3,18;0;0;0;0;0;0;Yellow Hind
SERAA00;SERRANIDAE;SEREP08;Epinephelus areolatus ;SERRANIDAE;0,0112;3,18;0;0;0;0;0;0;ND
SERAA00;SERRANIDAE;SEREP18;Epinephelus chlorostigma;SERRANIDAE;0,0112;3,18;0;0;0;0;0;0;Brownspotted grouper
SERAA00;SERRANIDAE;SEREP62;Epinephelus coioides;SERRANIDAE;0,0112;3,18;0;0;0;0;0;0;ND
SERAA00;SERRANIDAE;SEREP12;Epinephelus fuscoguttatus;SERRANIDAE;0,0112;3,18;0;0;0;0;0;0;Brown-marbled grouper
SERAA00;SERRANIDAE;SEREP46;Epinephelus lanceolatus;SERRANIDAE;0,0112;3,18;0;0;0;0;0;0;ND
SERAA00;SERRANIDAE;SEREP73;Epinephelus microdon;SERRANIDAE;0,0112;3,18;0,0086;3,1719;0,0086;3,1719;0,0086;3,1719;Smalltooth Grouper
SERAA00;SERRANIDAE;SEREP69;Epinephelus polyphekadion ;SERRANIDAE;0,0112;3,18;0;0;0;0;0;0;ND
SERAA00;SERRANIDAE;SEREP03;Epinephelus fasciatus;SERRANIDAE;0,0112;3,18;0;0;0;0;0;0;Sixbar grouper
SERAA00;SERRANIDAE;SEREP17;Epinephelus summana;SERRANIDAE;0,0112;3,18;0,0078;3,1886;0,0078;3,1886;0,0078;3,1886;Summan grouper
SERAA00;SERRANIDAE;SEREP07;Epinephelus tauvina;SERRANIDAE;0,0112;3,18;0;0;0;0;0;0;Greasy grouper
SERAA00;SERRANIDAE;SERPL03;Plectropomus areolatus;SERRANIDAE;0,0112;3,18;0,0085;3,1257;0,0099;3,0871;0,0092;3,1064;ND
SERAA00;SERRANIDAE;SERPL07;Plectropomus pessuliferus marisrubri;SERRANIDAE;0,0112;3,18;0,007;3,1491;0,0072;3,1428;0,0071;3,14595;ND
SERAA00;SERRANIDAE;SERVA01;Variola louti;SERRANIDAE;0,0112;3,18;0;0;0;0;0;0;Yellow-edged lyretail
SIGAA00;SIGANIDAE;SIGSI09;Siganus argenteus;SIGANIDAE;0,0191;2,96;0;0;0;0;0;0;Streamlined spinefoot
SIGAA00;SIGANIDAE;SIGSI02;Siganus luridus;SIGANIDAE;0,0191;2,96;0;0;0;0;0;0;Dusky spinefoot
SIGAA00;SIGANIDAE;SIGSI24;Siganus rivulatus;SIGANIDAE;0,0191;2,96;0;0;0;0;0;0;ND
SIGAA00;SIGANIDAE;SIGSI23;Siganus stellatus;SIGANIDAE;0,0191;2,96;0;0;0;0;0;0;Brownspotted spinefoot
SOLAA00;SOLEIDAE;SOLPA00;Pardarchius sp.;SOLEIDAE;0,0151;3,14;0;0;0;0;0;0;>> ACHAC00
SPAAA00;SPARIDAE;SPAAC02;Acanthopagrus berda;SPARIDAE;0,0324;2,9;0;0;0;0;0;0;Picnic seabream
SPAAA00;SPARIDAE;SPAAC01;Acanthopagrus bifasciatus ;SPARIDAE;0,0324;2,9;0;0;0;0;0;0;ND
SPAAA00;SPARIDAE;SPAAR02;Argyrops filamentosus;SPARIDAE;0,0324;2,9;0;0;0;0;0;0;Soldierbream
SPAAA00;SPARIDAE;SPAAR00;Argyrops sp.;SPARIDAE;0,0324;2,9;0;0;0;0;0;0;Soldierbream, seabream
SPAAA00;SPARIDAE;SPAAR01;Argyrops spinifer;SPARIDAE;0,0324;2,9;0;0;0;0;0;0;King soldierbr,longspine seabr
SPAAA00;SPARIDAE;SPADI13;Diplodus noct ;SPARIDAE;0,0324;2,9;0;0;0;0;0;0;ND
SPAAA00;SPARIDAE;SPARH01;Rhabdosargus sarba;SPARIDAE;0,0324;2,9;0;0;0;0;0;0;ND
SPAAA00;SPARIDAE;SPASA00;Sparus sp.;SPARIDAE;0,0324;2,9;0;0;0;0;0;0;Seabream
SPHAA00;SPHYRAENIDAE;SPHSP05;Sphyraena barracuda ;SPHYRAENIDAE;0,0089;2,91;0;0;0;0;0;0;ND
SPHAA00;SPHYRAENIDAE;SPHSP04;Sphyraena forsteri;SPHYRAENIDAE;0,0089;2,91;0;0;0;0;0;0;Bigeye barracuda
SPHAA00;SPHYRAENIDAE;SPHSP07;Sphyraena jello;SPHYRAENIDAE;0,0089;2,91;0;0;0;0;0;0;Rockhandle barracuda
SPHAA00;SPHYRAENIDAE;SPHSP06;Sphyraena obtusata;SPHYRAENIDAE;0,0089;2,91;0;0;0;0;0;0;ND
SPHAA00;SPHYRAENIDAE;SPHSP09;Sphyraena putnamae;SPHYRAENIDAE;0,0089;2,91;0;0;0;0;0;0;Sawtooth barracuda
SPHAA00;SPHYRAENIDAE;SPHSP20;Sphyraena qenie;SPHYRAENIDAE;0,0089;2,91;0;0;0;0;0;0;Blackfin barracuda
SHAAA00;SPHYRNIDAE;SHASP12;Sphyrna lewini;SPHYRNIDAE;0,0026;3,19;0;0;0;0;0;0;Scalloped hammerhead
THEAA00;TERAPONTIDAE;THETH01;Terapon jarbua;TERAPONTIDAE;0,0089;2,91;0;0;0;0;0;0;Jarbua terapon
THEAA01;TERAPONTIDAE;THEPE01;Pelates quadrilineatus ;TERAPONTIDAE;0,0089;2,91;0;0;0;0;0;0;ND